test_passing_completion,test_passing_explanation,n_examples
0.825,0.3416666666666667,120
0.8583333333333333,0.35833333333333334,120
0.8666666666666667,0.2916666666666667,120
0.8333333333333334,0.39166666666666666,120
0.825,0.31666666666666665,120
0.875,0.31666666666666665,120
0.7815126050420168,0.3697478991596639,119
0.8416666666666667,0.45,120
0.8803418803418803,0.28205128205128205,117
0.725,0.39166666666666666,120
0.825,0.38333333333333336,120
0.825,0.3416666666666667,120
